smsybe0,DHMIpKXRPyYI,msybe0@cyberchimps.com,Milka,Sybe
cbullough1,3WgwcySYsX,cbullough1@unesco.org,Christophe,Bullough
catwel2,zqnCos,catwel2@engadget.com,Conni,Atwel
vdyment3,2CGzjAS,vdyment3@privacy.gov.au,Vivyan,Dyment
dedgett4,wyBzcbid6,dedgett4@unesco.org,Daveta,Edgett
gcavalier5,II9pGDj,gcavalier5@seattletimes.com,Giff,Cavalier
cmuehle6,pOY14rH,cmuehle6@apache.org,Carr,Muehle
fhallihane7,RR7GlwzViBc,fhallihane7@thetimes.co.uk,Francklyn,Hallihane
njanaszkiewicz8,T6nV6SfzO,njanaszkiewicz8@bbc.co.uk,Nolana,Janaszkiewicz
jmiddleton9,mR8urTdikX,jmiddleton9@so-net.ne.jp,Jo,Middleton
ksheringtona,7npeOiMv,ksheringtona@si.edu,Kit,Sherington
hsharpousb,cuzSWL5,hsharpousb@merriam-webster.com,Hailey,Sharpous
awildtc,aN5QrV,awildtc@businesswire.com,Ad,Wildt
gcicchettod,Tl0dsRb6,gcicchettod@ameblo.jp,Gaven,Cicchetto
ecutmoree,aYl0iL,ecutmoree@facebook.com,Easter,Cutmore
darnoppf,fh5XriLws,darnoppf@usa.gov,Denice,Arnopp
ksmitheg,Pi0u9dBtC,ksmitheg@angelfire.com,Kamillah,Smithe
cespieh,AOR0WY8cqI,cespieh@usa.gov,Cedric,Espie
jklimkiewichi,pTNVC8,jklimkiewichi@imageshack.us,Joelly,Klimkiewich
ipetleyj,UMXB814Q66,ipetleyj@people.com.cn,Idette,Petley
nlinceyk,MpwkzpcemC4,nlinceyk@a8.net,Nessy,Lincey
jruburyl,Y7r3dEDO2is7,jruburyl@tamu.edu,Jacques,Rubury
tchristoffem,VdunmLw8mWsB,tchristoffem@google.fr,Tiebout,Christoffe
ifussien,W8eUjjTf5ByD,ifussien@nytimes.com,Iorgo,Fussie
eclaypooleo,vlECbi,eclaypooleo@comsenz.com,Em,Claypoole
ccoxenp,ueA7vVY,ccoxenp@weather.com,Carmelina,Coxen
mbeaconq,DLeZ5JtB,mbeaconq@apple.com,Matelda,Beacon
bbromehedr,P5TWtrT6i1,bbromehedr@pcworld.com,Biddy,Bromehed
mnelthorps,ip7QQhAul,mnelthorps@army.mil,Maxine,Nelthorp
hquaintont,jR9QkHebj,hquaintont@joomla.org,Haily,Quainton
coculliganu,OAK6Q0coy,coculliganu@ed.gov,Coralie,O' Culligan
scafferyv,MSH5CoZ1Dg,scafferyv@t.co,Sol,Caffery
cmccallw,8zoJRqP7yS,cmccallw@prnewswire.com,Cybill,McCall
mebbinsx,8NIQ6mfo4WaK,mebbinsx@netscape.com,Melany,Ebbins
jmottey,m7o8Xq,jmottey@live.com,Jessa,Motte
sgricewoodz,uCd8H2,sgricewoodz@lycos.com,Stanfield,Gricewood
mdrogan10,S5QGPy,mdrogan10@cocolog-nifty.com,Milton,Drogan
btabner11,cWKHTfI,btabner11@wiley.com,Belia,Tabner
gmurrill12,sm3Furayp,gmurrill12@wikia.com,Genvieve,Murrill
mannes13,zOLxxah64VQ8,mannes13@ezinearticles.com,Marijo,Annes
mschule14,WIVqaAkhYDc0,mschule14@addthis.com,Marchall,Schule
hdugald15,7bh1AfxN,hdugald15@homestead.com,Haleigh,Dugald
jleguin16,RetOvFZbfn,jleguin16@engadget.com,Jaquith,Le Guin
mhansmann17,SSZ3miQV7EyI,mhansmann17@dailymail.co.uk,Moore,Hansmann
ebenedick18,G22Mgh,ebenedick18@google.com.br,Emily,Benedick
rgoodyear19,FedG6vufOi,rgoodyear19@reference.com,Ryon,Goodyear
sfowden1a,iFNgXC6No,sfowden1a@dedecms.com,Sidney,Fowden
kgearing1b,YT1pY4Uec9yv,kgearing1b@prnewswire.com,Korrie,Gearing
cdanell1c,agy87b0U,cdanell1c@xrea.com,Cesare,Danell
dbracchi1d,TALq3y2iVOn,dbracchi1d@nba.com,Dannel,Bracchi
oguidera1e,KG59hKIERgoQ,oguidera1e@amazonaws.com,Orelee,Guidera
adenial1f,yMuBeRBPmpuG,adenial1f@qq.com,Andrei,Denial
jmcgonnell1g,JMWeL8R8J645,jmcgonnell1g@godaddy.com,Jude,McGonnell
bgohier1h,0qqVaXEf8pM,bgohier1h@economist.com,Beatrisa,Gohier
scrutchley1i,4PKoCNmLgpI8,scrutchley1i@blinklist.com,Samuele,Crutchley
rstigell1j,gomlZUR5iB6B,rstigell1j@flavors.me,Rubi,Stigell
gaizikovich1k,Pg620k,gaizikovich1k@java.com,Gusty,Aizikovich
bblasi1l,sqjPCYgtO40z,bblasi1l@g.co,Brandea,Blasi
jboundy1m,IFyafqQ2,jboundy1m@cornell.edu,Jelene,Boundy
eskitt1n,cWGhDE2,eskitt1n@issuu.com,Eleen,Skitt
nsimpkin1o,jKoULI,nsimpkin1o@jigsy.com,Nelie,Simpkin
kbocke1p,l2foCLt2bd,kbocke1p@mozilla.org,Kimberli,Bocke
oemberton1q,VYSajk5CTkid,oemberton1q@columbia.edu,Opal,Emberton
rarkle1r,bB9L5Fq7M,rarkle1r@microsoft.com,Rog,Arkle
jtuson1s,T6YRP4s1Wmn,jtuson1s@lulu.com,Jacynth,Tuson
sbasten1t,NpPXirVzu4,sbasten1t@auda.org.au,Skelly,Basten
nharewood1u,kIl37oPVRuO,nharewood1u@soup.io,Nichol,Harewood
jjobke1v,LWsfMt,jjobke1v@google.cn,Jemmy,Jobke
dvahey1w,781JS3,dvahey1w@list-manage.com,Dyanne,Vahey
ffrewer1x,gVkbAS,ffrewer1x@friendfeed.com,Faye,Frewer
jhardi1y,49vy7wEBMsKE,jhardi1y@google.co.jp,Jannel,Hardi
jshorte1z,28DKb8Gu,jshorte1z@hibu.com,Jessie,Shorte
coutram20,L2FOjn9,coutram20@photobucket.com,Constanta,Outram
mskyrm21,FJ7OVISbMD,mskyrm21@wikia.com,Mirilla,Skyrm
rraffon22,QuUvorP,rraffon22@cbc.ca,Radcliffe,Raffon
bgrinin23,aHN356AJFEvu,bgrinin23@wordpress.com,Bevan,Grinin
fbedbury24,S9XisBJEd,fbedbury24@webnode.com,Faye,Bedbury
bflockhart25,fEPazuP7,bflockhart25@tripod.com,Bobette,Flockhart
mdelacoste26,ZjAjoTNo,mdelacoste26@nytimes.com,Marcelline,Delacoste
kroark27,RPJjFF9nV1d,kroark27@ovh.net,Kerr,Roark
jcolmore28,Kxs0Dc44TF8h,jcolmore28@who.int,Judon,Colmore
iocosgra29,Y4D7Lmy1JTU,iocosgra29@psu.edu,Isahella,O'Cosgra
jwickstead2a,epxaL6,jwickstead2a@shutterfly.com,Jaquelin,Wickstead
omcard2b,YXJhLzWLpbw,omcard2b@dropbox.com,Obadiah,McArd
bsarvar2c,X63EFu6Dv,bsarvar2c@craigslist.org,Bealle,Sarvar
rfarahar2d,u3rLBptK,rfarahar2d@phpbb.com,Rinaldo,Farahar
lcollelton2e,0QlrCASM01,lcollelton2e@prlog.org,Laurence,Collelton
zshmyr2f,XJiEn1v2EhUz,zshmyr2f@opensource.org,Zacharie,Shmyr
sschofield2g,C9CDrn,sschofield2g@slideshare.net,Shane,Schofield
eedgecombe2h,Nec54FIf6g,eedgecombe2h@latimes.com,Elliott,Edgecombe
rmackenny2i,im8lYno,rmackenny2i@usnews.com,Ricardo,MacKenny
tmcmeekan2j,mU15uvg2,tmcmeekan2j@timesonline.co.uk,Tracee,McMeekan
larnout2k,RIHkzKCG8d,larnout2k@usa.gov,Lyndy,Arnout
rmattei2l,jNRoGKXZkO8,rmattei2l@google.com,Rebe,Mattei
eatyea2m,CmNSqcGMmA,eatyea2m@istockphoto.com,Elyssa,Atyea
lsimpkin2n,kuXnh2,lsimpkin2n@apple.com,Leanna,Simpkin
trimour2o,lPyNtJx1pAHe,trimour2o@nih.gov,Trula,Rimour
clorden2p,zlhqAL8Z,clorden2p@webeden.co.uk,Chelsey,Lorden
dtunny2q,xzezDqODwp,dtunny2q@rediff.com,Dix,Tunny
wchadburn2r,N5wXLOKi,wchadburn2r@deviantart.com,Werner,Chadburn